<datapower-configuration version="3"><export-details><description>Exported Configuration</description><user>admin</user><domain>foo</domain><comment/><product-id>software</product-id><product>IDG</product><display-product>IDG</display-product><model>IBM DataPower Gateway</model><display-model>IBM DataPower Gateway</display-model><device-name>966ce9b0ee05</device-name><serial-number>0000001</serial-number><firmware-version>IDG.7.5.2.1</firmware-version><display-firmware-version>IDG.7.5.2.1</display-firmware-version><firmware-build>282355</firmware-build><firmware-timestamp>2016/11/10 06:58:32</firmware-timestamp><current-date>2017-02-20</current-date><current-time>16:02:35 EST</current-time><reset-date>2017-02-20</reset-date><reset-time>15:48:42 EST</reset-time><login-message/><custom-ui-file/></export-details><interface-data><interface name="eth0" type="Ethernet" vers="ipv4" ip-addr="172.22.0.3"/><interface name="eth0" type="Ethernet" vers="ipv6" ip-addr="fe80::42:acff:fe16:3"/></interface-data><configuration domain="foo"><DomainSettings name="default" intrinsic="true" xmlns:env="http://www.w3.org/2003/05/soap-envelope" xmlns:dp="http://www.datapower.com/schemas/management">
<mAdminState>enabled</mAdminState>
<PasswordTreatment>masked</PasswordTreatment></DomainSettings><PasswordAlias name="crypto" xmlns:env="http://www.w3.org/2003/05/soap-envelope" xmlns:dp="http://www.datapower.com/schemas/management">
<mAdminState>enabled</mAdminState>
<EncryptedPassword>yA+tIC8sPz/KMbpkGQ0V7V6oILE6eDQBuiwynhCcmn4dWiuIjeQLLg==</EncryptedPassword>
<DomainSettings class="DomainSettings">default</DomainSettings></PasswordAlias><CryptoKey name="crypto-key" xmlns:env="http://www.w3.org/2003/05/soap-envelope" xmlns:dp="http://www.datapower.com/schemas/management">
<mAdminState>enabled</mAdminState>
<Filename>local:///server.key</Filename>
<PasswordAlias>on</PasswordAlias>
<Alias class="PasswordAlias">crypto</Alias></CryptoKey><CryptoCertificate name="crypto-certificate" xmlns:env="http://www.w3.org/2003/05/soap-envelope" xmlns:dp="http://www.datapower.com/schemas/management">
<mAdminState>enabled</mAdminState>
<Filename>local:///server.crt</Filename>
<PasswordAlias>off</PasswordAlias>
<IgnoreExpiration>off</IgnoreExpiration></CryptoCertificate><CryptoIdentCred name="crypto-identification-credentials" xmlns:env="http://www.w3.org/2003/05/soap-envelope" xmlns:dp="http://www.datapower.com/schemas/management">
<mAdminState>enabled</mAdminState>
<Key class="CryptoKey">crypto-key</Key>
<Certificate class="CryptoCertificate">crypto-certificate</Certificate></CryptoIdentCred><SSLServerProfile name="ssl-server-profile" xmlns:env="http://www.w3.org/2003/05/soap-envelope" xmlns:dp="http://www.datapower.com/schemas/management">
<mAdminState>enabled</mAdminState>
<Protocols>
<SSLv3>off</SSLv3>
<TLSv1d0>off</TLSv1d0>
<TLSv1d1>off</TLSv1d1>
<TLSv1d2>on</TLSv1d2></Protocols>
<Ciphers>ECDHE_RSA_WITH_AES_256_GCM_SHA384</Ciphers>
<Ciphers>ECDHE_RSA_WITH_AES_256_CBC_SHA384</Ciphers>
<Ciphers>ECDHE_RSA_WITH_AES_256_CBC_SHA</Ciphers>
<Ciphers>DHE_DSS_WITH_AES_256_GCM_SHA384</Ciphers>
<Ciphers>DHE_RSA_WITH_AES_256_GCM_SHA384</Ciphers>
<Ciphers>DHE_RSA_WITH_AES_256_CBC_SHA256</Ciphers>
<Ciphers>DHE_DSS_WITH_AES_256_CBC_SHA256</Ciphers>
<Ciphers>DHE_RSA_WITH_AES_256_CBC_SHA</Ciphers>
<Ciphers>DHE_DSS_WITH_AES_256_CBC_SHA</Ciphers>
<Ciphers>RSA_WITH_AES_256_GCM_SHA384</Ciphers>
<Ciphers>RSA_WITH_AES_256_CBC_SHA256</Ciphers>
<Ciphers>RSA_WITH_AES_256_CBC_SHA</Ciphers>
<Ciphers>ECDHE_RSA_WITH_AES_128_GCM_SHA256</Ciphers>
<Ciphers>ECDHE_RSA_WITH_AES_128_CBC_SHA256</Ciphers>
<Ciphers>ECDHE_RSA_WITH_AES_128_CBC_SHA</Ciphers>
<Ciphers>DHE_DSS_WITH_AES_128_GCM_SHA256</Ciphers>
<Ciphers>DHE_RSA_WITH_AES_128_GCM_SHA256</Ciphers>
<Ciphers>DHE_RSA_WITH_AES_128_CBC_SHA256</Ciphers>
<Ciphers>DHE_DSS_WITH_AES_128_CBC_SHA256</Ciphers>
<Ciphers>DHE_RSA_WITH_AES_128_CBC_SHA</Ciphers>
<Ciphers>DHE_DSS_WITH_AES_128_CBC_SHA</Ciphers>
<Ciphers>RSA_WITH_AES_128_GCM_SHA256</Ciphers>
<Ciphers>RSA_WITH_AES_128_CBC_SHA256</Ciphers>
<Ciphers>RSA_WITH_AES_128_CBC_SHA</Ciphers>
<Ciphers>ECDHE_RSA_WITH_3DES_EDE_CBC_SHA</Ciphers>
<Ciphers>DHE_RSA_WITH_3DES_EDE_CBC_SHA</Ciphers>
<Ciphers>DHE_DSS_WITH_3DES_EDE_CBC_SHA</Ciphers>
<Ciphers>RSA_WITH_3DES_EDE_CBC_SHA</Ciphers>
<Idcred class="CryptoIdentCred">crypto-identification-credentials</Idcred>
<RequestClientAuth>off</RequestClientAuth>
<RequireClientAuth>on</RequireClientAuth>
<ValidateClientCert>on</ValidateClientCert>
<SendClientAuthCAList>on</SendClientAuthCAList>
<Caching>on</Caching>
<CacheTimeout>300</CacheTimeout>
<CacheSize>20</CacheSize>
<SSLOptions>
<max-duration>off</max-duration>
<max-renegotiation>off</max-renegotiation></SSLOptions>
<MaxSSLDuration>60</MaxSSLDuration>
<NumberOfRenegotiationAllowed>0</NumberOfRenegotiationAllowed>
<ProhibitResumeOnReneg>off</ProhibitResumeOnReneg>
<Compression>off</Compression>
<AllowLegacyRenegotiation>off</AllowLegacyRenegotiation>
<PreferServerCiphers>on</PreferServerCiphers>
<EllipticCurves>secp521r1</EllipticCurves>
<EllipticCurves>secp384r1</EllipticCurves>
<EllipticCurves>secp256k1</EllipticCurves>
<EllipticCurves>secp256r1</EllipticCurves></SSLServerProfile><SSLSNIMapping name="ssl-hostname-mapping" xmlns:env="http://www.w3.org/2003/05/soap-envelope" xmlns:dp="http://www.datapower.com/schemas/management">
<mAdminState>enabled</mAdminState>
<SNIMapping>
<HostNameWildmat>*</HostNameWildmat>
<SSLServer class="SSLServerProfile">ssl-server-profile</SSLServer></SNIMapping></SSLSNIMapping><SSLSNIServerProfile name="ssl-sni-server-profile" xmlns:env="http://www.w3.org/2003/05/soap-envelope" xmlns:dp="http://www.datapower.com/schemas/management">
<mAdminState>enabled</mAdminState>
<Protocols>
<SSLv3>off</SSLv3>
<TLSv1d0>off</TLSv1d0>
<TLSv1d1>off</TLSv1d1>
<TLSv1d2>on</TLSv1d2></Protocols>
<SNIServerMapping class="SSLSNIMapping">ssl-hostname-mapping</SNIServerMapping>
<SNIServerDefault class="SSLServerProfile">ssl-server-profile</SNIServerDefault>
<SSLOptions>
<max-duration>off</max-duration>
<max-renegotiation>off</max-renegotiation></SSLOptions>
<MaxSSLDuration>3600</MaxSSLDuration>
<NumberOfRenegotiationAllowed>0</NumberOfRenegotiationAllowed></SSLSNIServerProfile><HTTPSSourceProtocolHandler name="https-fsph-foo" xmlns:env="http://www.w3.org/2003/05/soap-envelope" xmlns:dp="http://www.datapower.com/schemas/management">
<mAdminState>enabled</mAdminState>
<LocalAddress>0.0.0.0</LocalAddress>
<LocalPort>443</LocalPort>
<HTTPVersion>HTTP/1.1</HTTPVersion>
<AllowedFeatures>
<HTTP-1.0>on</HTTP-1.0>
<HTTP-1.1>on</HTTP-1.1>
<HTTP-2.0>off</HTTP-2.0>
<POST>on</POST>
<GET>on</GET>
<PUT>off</PUT>
<HEAD>off</HEAD>
<OPTIONS>off</OPTIONS>
<TRACE>off</TRACE>
<DELETE>off</DELETE>
<CONNECT>off</CONNECT>
<CustomMethods>off</CustomMethods>
<QueryString>on</QueryString>
<FragmentIdentifiers>on</FragmentIdentifiers>
<DotDot>off</DotDot>
<CmdExe>off</CmdExe></AllowedFeatures>
<PersistentConnections>on</PersistentConnections>
<MaxPersistentConnectionsReuse>0</MaxPersistentConnectionsReuse>
<AllowCompression>off</AllowCompression>
<AllowWebSocketUpgrade>off</AllowWebSocketUpgrade>
<WebSocketIdleTimeout>0</WebSocketIdleTimeout>
<MaxURLLen>16384</MaxURLLen>
<MaxTotalHdrLen>128000</MaxTotalHdrLen>
<MaxHdrCount>0</MaxHdrCount>
<MaxNameHdrLen>0</MaxNameHdrLen>
<MaxValueHdrLen>0</MaxValueHdrLen>
<MaxQueryStringLen>0</MaxQueryStringLen>
<CredentialCharset>protocol</CredentialCharset>
<SSLServerConfigType>sni</SSLServerConfigType>
<SSLSNIServer class="SSLSNIServerProfile">ssl-sni-server-profile</SSLSNIServer>
<HTTP2MaxStreams>100</HTTP2MaxStreams>
<HTTP2MaxFrameSize>16384</HTTP2MaxFrameSize>
<HTTP2StreamHeader>off</HTTP2StreamHeader></HTTPSSourceProtocolHandler><HTTPSourceProtocolHandler name="http-fsph-foo" xmlns:env="http://www.w3.org/2003/05/soap-envelope" xmlns:dp="http://www.datapower.com/schemas/management">
<mAdminState>enabled</mAdminState>
<LocalAddress>0.0.0.0</LocalAddress>
<LocalPort>80</LocalPort>
<HTTPVersion>HTTP/1.1</HTTPVersion>
<AllowedFeatures>
<HTTP-1.0>on</HTTP-1.0>
<HTTP-1.1>on</HTTP-1.1>
<HTTP-2.0>off</HTTP-2.0>
<POST>on</POST>
<GET>on</GET>
<PUT>on</PUT>
<HEAD>off</HEAD>
<OPTIONS>off</OPTIONS>
<TRACE>off</TRACE>
<DELETE>off</DELETE>
<CONNECT>off</CONNECT>
<CustomMethods>off</CustomMethods>
<QueryString>on</QueryString>
<FragmentIdentifiers>on</FragmentIdentifiers>
<DotDot>off</DotDot>
<CmdExe>off</CmdExe></AllowedFeatures>
<PersistentConnections>on</PersistentConnections>
<MaxPersistentConnectionsReuse>0</MaxPersistentConnectionsReuse>
<AllowCompression>off</AllowCompression>
<AllowWebSocketUpgrade>off</AllowWebSocketUpgrade>
<WebSocketIdleTimeout>0</WebSocketIdleTimeout>
<MaxURLLen>16384</MaxURLLen>
<MaxTotalHdrLen>128000</MaxTotalHdrLen>
<MaxHdrCount>0</MaxHdrCount>
<MaxNameHdrLen>0</MaxNameHdrLen>
<MaxValueHdrLen>0</MaxValueHdrLen>
<MaxQueryStringLen>0</MaxQueryStringLen>
<CredentialCharset>protocol</CredentialCharset>
<HTTP2MaxStreams>100</HTTP2MaxStreams>
<HTTP2MaxFrameSize>16384</HTTP2MaxFrameSize>
<HTTP2StreamHeader>off</HTTP2StreamHeader></HTTPSourceProtocolHandler><HTTPUserAgent name="default" intrinsic="true" xmlns:env="http://www.w3.org/2003/05/soap-envelope" xmlns:dp="http://www.datapower.com/schemas/management">
<mAdminState>enabled</mAdminState>
<UserSummary>Default User Agent</UserSummary>
<MaxRedirects>8</MaxRedirects>
<Timeout>300</Timeout></HTTPUserAgent><XMLManager name="default" intrinsic="true" xmlns:env="http://www.w3.org/2003/05/soap-envelope" xmlns:dp="http://www.datapower.com/schemas/management">
<mAdminState>enabled</mAdminState>
<UserSummary>Default XML-Manager</UserSummary>
<CacheSize>256</CacheSize>
<SHA1Caching>on</SHA1Caching>
<StaticDocumentCalls>on</StaticDocumentCalls>
<SearchResults>on</SearchResults>
<SupportTxWarn>off</SupportTxWarn>
<Memoization>on</Memoization>
<ParserLimitsBytesScanned>4194304</ParserLimitsBytesScanned>
<ParserLimitsElementDepth>512</ParserLimitsElementDepth>
<ParserLimitsAttributeCount>128</ParserLimitsAttributeCount>
<ParserLimitsMaxNodeSize>33554432</ParserLimitsMaxNodeSize>
<ParserLimitsForbidExternalReferences>on</ParserLimitsForbidExternalReferences>
<ParserLimitsExternalReferences>forbid</ParserLimitsExternalReferences>
<ParserLimitsMaxPrefixes>1024</ParserLimitsMaxPrefixes>
<ParserLimitsMaxNamespaces>1024</ParserLimitsMaxNamespaces>
<ParserLimitsMaxLocalNames>60000</ParserLimitsMaxLocalNames>
<DocCacheMaxDocs>5000</DocCacheMaxDocs>
<DocCacheSize>0</DocCacheSize>
<DocMaxWrites>32768</DocMaxWrites>
<UserAgent class="HTTPUserAgent">default</UserAgent></XMLManager><Matching name="matching-rule-all-get" xmlns:env="http://www.w3.org/2003/05/soap-envelope" xmlns:dp="http://www.datapower.com/schemas/management">
<mAdminState>enabled</mAdminState>
<MatchRules>
<Type>method</Type>
<HttpTag/>
<HttpValue/>
<Url/>
<ErrorCode/>
<XPATHExpression/>
<Method>GET</Method>
<CustomMethod/></MatchRules>
<MatchWithPCRE>off</MatchWithPCRE>
<CombineWithOr>off</CombineWithOr></Matching><StylePolicyAction name="mpgw-style-policy_rule_0_results_output_0" xmlns:env="http://www.w3.org/2003/05/soap-envelope" xmlns:dp="http://www.datapower.com/schemas/management">
<mAdminState>enabled</mAdminState>
<Type>results</Type>
<Input>INPUT</Input>
<TransformLanguage>none</TransformLanguage>
<ActionDebug persisted="false">off</ActionDebug>
<NamedInOutLocationType>default</NamedInOutLocationType>
<SSLClientConfigType>proxy</SSLClientConfigType>
<OutputType>default</OutputType>
<Transactional>off</Transactional>
<SOAPValidation>body</SOAPValidation>
<SQLSourceType>static</SQLSourceType>
<JWSVerifyStripSignature>on</JWSVerifyStripSignature>
<Asynchronous>off</Asynchronous>
<ResultsMode>first-available</ResultsMode>
<RetryCount>0</RetryCount>
<RetryInterval>1000</RetryInterval>
<MultipleOutputs>off</MultipleOutputs>
<IteratorType>XPATH</IteratorType>
<Timeout>0</Timeout>
<MethodRewriteType>GET</MethodRewriteType>
<MethodType>POST</MethodType>
<MethodType2>POST</MethodType2></StylePolicyAction><StylePolicyRule name="mpgw-style-policy_rule_0" xmlns:env="http://www.w3.org/2003/05/soap-envelope" xmlns:dp="http://www.datapower.com/schemas/management">
<mAdminState>enabled</mAdminState>
<Direction>request-rule</Direction>
<InputFormat>none</InputFormat>
<OutputFormat>none</OutputFormat>
<NonXMLProcessing>off</NonXMLProcessing>
<Unprocessed>off</Unprocessed>
<Actions class="StylePolicyAction">mpgw-style-policy_rule_0_results_output_0</Actions></StylePolicyRule><Matching name="All" xmlns:env="http://www.w3.org/2003/05/soap-envelope" xmlns:dp="http://www.datapower.com/schemas/management">
<mAdminState>enabled</mAdminState>
<MatchRules>
<Type>url</Type>
<HttpTag/>
<HttpValue/>
<Url>.*</Url>
<ErrorCode/>
<XPATHExpression/>
<Method>default</Method>
<CustomMethod/></MatchRules>
<MatchWithPCRE>on</MatchWithPCRE>
<CombineWithOr>off</CombineWithOr></Matching><StylePolicyAction name="mpgw-style-policy_rule_1_gatewayscript_2" xmlns:env="http://www.w3.org/2003/05/soap-envelope" xmlns:dp="http://www.datapower.com/schemas/management">
<mAdminState>enabled</mAdminState>
<Type>gatewayscript</Type>
<Input>INPUT</Input>
<TransformLanguage>none</TransformLanguage>
<GatewayScriptLocation>local:///hello-too.js</GatewayScriptLocation>
<ActionDebug persisted="false">off</ActionDebug>
<Output>OUTPUT</Output>
<NamedInOutLocationType>default</NamedInOutLocationType>
<SSLClientConfigType>proxy</SSLClientConfigType>
<Transactional>off</Transactional>
<SOAPValidation>body</SOAPValidation>
<SQLSourceType>static</SQLSourceType>
<JWSVerifyStripSignature>on</JWSVerifyStripSignature>
<Asynchronous>off</Asynchronous>
<ResultsMode>first-available</ResultsMode>
<RetryCount>0</RetryCount>
<RetryInterval>1000</RetryInterval>
<MultipleOutputs>off</MultipleOutputs>
<IteratorType>XPATH</IteratorType>
<Timeout>0</Timeout>
<MethodRewriteType>GET</MethodRewriteType>
<MethodType>POST</MethodType>
<MethodType2>POST</MethodType2></StylePolicyAction><StylePolicyRule name="mpgw-style-policy_rule_1" xmlns:env="http://www.w3.org/2003/05/soap-envelope" xmlns:dp="http://www.datapower.com/schemas/management">
<mAdminState>enabled</mAdminState>
<Direction>response-rule</Direction>
<InputFormat>none</InputFormat>
<OutputFormat>none</OutputFormat>
<NonXMLProcessing>off</NonXMLProcessing>
<Unprocessed>off</Unprocessed>
<Actions class="StylePolicyAction">mpgw-style-policy_rule_1_gatewayscript_2</Actions></StylePolicyRule><StylePolicy name="mpgw-style-policy" xmlns:env="http://www.w3.org/2003/05/soap-envelope" xmlns:dp="http://www.datapower.com/schemas/management">
<mAdminState>enabled</mAdminState>
<DefStylesheetForSoap>store:///filter-reject-all.xsl</DefStylesheetForSoap>
<DefStylesheetForXsl>store:///identity.xsl</DefStylesheetForXsl>
<DefXQueryForJSON>store:///reject-all-json.xq</DefXQueryForJSON>
<PolicyMaps>
<Match class="Matching">matching-rule-all-get</Match>
<Rule class="StylePolicyRule">mpgw-style-policy_rule_0</Rule></PolicyMaps>
<PolicyMaps>
<Match class="Matching">All</Match>
<Rule class="StylePolicyRule">mpgw-style-policy_rule_1</Rule></PolicyMaps></StylePolicy><PolicyAttachments name="MPGW-foo" xmlns:env="http://www.w3.org/2003/05/soap-envelope" xmlns:dp="http://www.datapower.com/schemas/management">
<mAdminState>enabled</mAdminState>
<EnforcementMode>enforce</EnforcementMode>
<PolicyReferences>on</PolicyReferences>
<SLAEnforcementMode>allow-if-no-sla</SLAEnforcementMode></PolicyAttachments><MultiProtocolGateway name="MPGW-foo" xmlns:env="http://www.w3.org/2003/05/soap-envelope" xmlns:dp="http://www.datapower.com/schemas/management">
<mAdminState>enabled</mAdminState>
<Priority>normal</Priority>
<FrontProtocol class="HTTPSSourceProtocolHandler">https-fsph-foo</FrontProtocol>
<FrontProtocol class="HTTPSourceProtocolHandler">http-fsph-foo</FrontProtocol>
<XMLManager class="XMLManager">default</XMLManager>
<SSLClientConfigType>proxy</SSLClientConfigType>
<DefaultParamNamespace>http://www.datapower.com/param/config</DefaultParamNamespace>
<QueryParamNamespace>http://www.datapower.com/param/query</QueryParamNamespace>
<BackendUrl>http://backend:8080</BackendUrl>
<PropagateURI>on</PropagateURI>
<MonitorProcessingPolicy>terminate-at-first-throttle</MonitorProcessingPolicy>
<RequestAttachments>strip</RequestAttachments>
<ResponseAttachments>strip</ResponseAttachments>
<RequestAttachmentsFlowControl>off</RequestAttachmentsFlowControl>
<ResponseAttachmentsFlowControl>off</ResponseAttachmentsFlowControl>
<RootPartNotFirstAction>process-in-order</RootPartNotFirstAction>
<FrontAttachmentFormat>dynamic</FrontAttachmentFormat>
<BackAttachmentFormat>dynamic</BackAttachmentFormat>
<MIMEFrontHeaders>on</MIMEFrontHeaders>
<MIMEBackHeaders>on</MIMEBackHeaders>
<StreamOutputToBack>buffer-until-verification</StreamOutputToBack>
<StreamOutputToFront>buffer-until-verification</StreamOutputToFront>
<MaxMessageSize>0</MaxMessageSize>
<GatewayParserLimits>off</GatewayParserLimits>
<ParserLimitsElementDepth>512</ParserLimitsElementDepth>
<ParserLimitsAttributeCount>128</ParserLimitsAttributeCount>
<ParserLimitsMaxNodeSize>33554432</ParserLimitsMaxNodeSize>
<ParserLimitsForbidExternalReferences>on</ParserLimitsForbidExternalReferences>
<ParserLimitsExternalReferences>forbid</ParserLimitsExternalReferences>
<ParserLimitsMaxPrefixes>1024</ParserLimitsMaxPrefixes>
<ParserLimitsMaxNamespaces>1024</ParserLimitsMaxNamespaces>
<ParserLimitsMaxLocalNames>60000</ParserLimitsMaxLocalNames>
<ParserLimitsAttachmentByteCount>2000000000</ParserLimitsAttachmentByteCount>
<ParserLimitsAttachmentPackageByteCount>0</ParserLimitsAttachmentPackageByteCount>
<DebugMode persisted="false">off</DebugMode>
<DebuggerType>internal</DebuggerType>
<DebugHistory>25</DebugHistory>
<FlowControl>off</FlowControl>
<SOAPSchemaURL>store:///schemas/soap-envelope.xsd</SOAPSchemaURL>
<FrontTimeout>120</FrontTimeout>
<BackTimeout>120</BackTimeout>
<FrontPersistentTimeout>180</FrontPersistentTimeout>
<BackPersistentTimeout>180</BackPersistentTimeout>
<IncludeResponseTypeEncoding>off</IncludeResponseTypeEncoding>
<BackHTTPVersion>HTTP/1.1</BackHTTPVersion>
<PersistentConnections>on</PersistentConnections>
<LoopDetection>off</LoopDetection>
<DoHostRewriting>on</DoHostRewriting>
<DoChunkedUpload>off</DoChunkedUpload>
<ProcessHTTPErrors>on</ProcessHTTPErrors>
<HTTPClientIPLabel>X-Client-IP</HTTPClientIPLabel>
<HTTPLogCorIDLabel>X-Global-Transaction-ID</HTTPLogCorIDLabel>
<InOrderMode>
<Request>off</Request>
<Backend>off</Backend>
<Response>off</Response></InOrderMode>
<WSAMode>sync2sync</WSAMode>
<WSARequireAAA>on</WSARequireAAA>
<WSAStrip>on</WSAStrip>
<WSADefaultReplyTo>http://schemas.xmlsoap.org/ws/2004/08/addressing/role/anonymous</WSADefaultReplyTo>
<WSADefaultFaultTo>http://schemas.xmlsoap.org/ws/2004/08/addressing/role/anonymous</WSADefaultFaultTo>
<WSAForce>off</WSAForce>
<WSAGenStyle>sync</WSAGenStyle>
<WSAHTTPAsyncResponseCode>204</WSAHTTPAsyncResponseCode>
<WSATimeout>120</WSATimeout>
<WSRMEnabled>off</WSRMEnabled>
<WSRMSequenceExpiration>3600</WSRMSequenceExpiration>
<WSRMDestinationAcceptCreateSequence>on</WSRMDestinationAcceptCreateSequence>
<WSRMDestinationMaximumSequences>400</WSRMDestinationMaximumSequences>
<WSRMDestinationInOrder>off</WSRMDestinationInOrder>
<WSRMDestinationMaximumInOrderQueueLength>10</WSRMDestinationMaximumInOrderQueueLength>
<WSRMDestinationAcceptOffers>off</WSRMDestinationAcceptOffers>
<WSRMFrontForce>off</WSRMFrontForce>
<WSRMBackForce>off</WSRMBackForce>
<WSRMBackCreateSequence>off</WSRMBackCreateSequence>
<WSRMFrontCreateSequence>off</WSRMFrontCreateSequence>
<WSRMSourceMakeOffer>off</WSRMSourceMakeOffer>
<WSRMUsesSequenceSSL>off</WSRMUsesSequenceSSL>
<WSRMSourceMaximumSequences>400</WSRMSourceMaximumSequences>
<WSRMSourceRetransmissionInterval>10</WSRMSourceRetransmissionInterval>
<WSRMSourceExponentialBackoff>on</WSRMSourceExponentialBackoff>
<WSRMSourceMaximumRetransmissions>4</WSRMSourceMaximumRetransmissions>
<WSRMSourceMaximumQueueLength>30</WSRMSourceMaximumQueueLength>
<WSRMSourceRequestAckCount>1</WSRMSourceRequestAckCount>
<WSRMSourceInactivityClose>360</WSRMSourceInactivityClose>
<ForcePolicyExec>off</ForcePolicyExec>
<RewriteErrors>on</RewriteErrors>
<DelayErrors>on</DelayErrors>
<DelayErrorsDuration>1000</DelayErrorsDuration>
<RequestType>preprocessed</RequestType>
<ResponseType>preprocessed</ResponseType>
<FollowRedirects>on</FollowRedirects>
<RewriteLocationHeader>off</RewriteLocationHeader>
<StylePolicy class="StylePolicy">mpgw-style-policy</StylePolicy>
<Type>static-backend</Type>
<AllowCompression>off</AllowCompression>
<AllowCacheControlHeader>off</AllowCacheControlHeader>
<PolicyAttachments class="PolicyAttachments">MPGW-foo</PolicyAttachments>
<WSMAgentMonitor>off</WSMAgentMonitor>
<WSMAgentMonitorPCM>all-messages</WSMAgentMonitorPCM>
<ProxyHTTPResponse>off</ProxyHTTPResponse>
<TransactionTimeout>0</TransactionTimeout></MultiProtocolGateway></configuration><files><file name="local:///server.key" src="local/server.key" location="local" hash="H0LinNhQCxHB5NXs0qb4JihwMaM="/><file name="local:///server.crt" src="local/server.crt" location="local" hash="t2cXmzy32xfAi77GbUXU0cZUh2Q="/><file name="local:///hello-too.js" src="local/hello-too.js" location="local" hash="+NRVxB/6X0/cG0jFER/BEaaA/1w="/><file name="webgui:///clixform.xsl" src="dp-aux/clixform.xsl" location="dp-aux" internal="true" hash="8Mu7nWDBjll3/udtF0FyJ06J8pA="/><file name="webgui:///SchemaUtil.xsl" src="dp-aux/SchemaUtil.xsl" location="dp-aux" internal="true" hash="YWjVARwxJCW3zkIbcgQw2UJL1kM="/><file name="webgui:///management.xsl" src="dp-aux/management.xsl" location="dp-aux" internal="true" hash="jaVBcAZOZmnnAJfQcSbjdqhK1ks="/><file name="webgui:///map-dmz.xsl" src="dp-aux/map-dmz.xsl" location="dp-aux" internal="true" hash="n00B2bmGoH6OdSOW1QRz/SNVbYc="/><file name="webgui:///drMgmt.xml" src="dp-aux/drMgmt.xml" location="dp-aux" internal="true" hash="PIsV3tPGYDFmcrJi5NLLgKPiIJo="/><file name="webgui:///basetypes.xml" src="dp-aux/basetypes.xml" location="dp-aux" internal="true" hash="UkIc6sKzykqNpmVlsHF89TLn2Qo="/></files></datapower-configuration>